{"cameraMode":{"drawMode":0,"name":"Shaded","section":"Shading Mode"},"sceneLighting":true,"audioPlay":false,"sceneViewState":{"m_AlwaysRefresh":false,"showFog":true,"showSkybox":true,"showFlares":true,"showImageEffects":true,"showParticleSystems":true,"showVisualEffectGraphs":true,"m_FxEnabled":true},"in2DMode":false,"pivot":{"x":88.54367065429688,"y":1.747108817100525,"z":99.22428131103516},"rotation":{"x":0.16009242832660676,"y":-0.01777181215584278,"z":0.0028833404649049045,"w":0.986945629119873},"size":1.851593017578125,"orthographic":false}